name,frames,mean,median,rmse
euroc_MH_01_run_0_keyframes_ba,342,16.94,17.33,18.52
euroc_MH_01_run_10_keyframes_ba,343,14.81,13.70,15.94
euroc_MH_01_run_11_keyframes_ba,344,12.20,11.29,13.68
euroc_MH_01_run_12_keyframes_ba,342,9.37,8.53,10.21
euroc_MH_01_run_13_keyframes_ba,337,15.85,15.20,17.33
euroc_MH_01_run_14_keyframes_ba,347,13.18,11.89,14.86
euroc_MH_01_run_15_keyframes_ba,345,15.28,13.63,17.38
euroc_MH_01_run_16_keyframes_ba,338,14.93,15.12,16.10
euroc_MH_01_run_17_keyframes_ba,335,14.13,14.18,15.18
euroc_MH_01_run_18_keyframes_ba,336,11.18,11.00,12.20
euroc_MH_01_run_19_keyframes_ba,339,17.83,18.19,20.27
euroc_MH_01_run_1_keyframes_ba,338,21.48,22.62,23.20
euroc_MH_01_run_20_keyframes_ba,340,14.17,12.71,15.39
euroc_MH_01_run_21_keyframes_ba,341,11.99,10.73,13.11
euroc_MH_01_run_22_keyframes_ba,337,14.84,14.30,16.70
euroc_MH_01_run_23_keyframes_ba,337,17.72,17.17,19.03
euroc_MH_01_run_24_keyframes_ba,338,10.53,9.25,11.75
euroc_MH_01_run_2_keyframes_ba,340,25.53,29.43,27.85
euroc_MH_01_run_3_keyframes_ba,336,10.74,10.09,11.38
euroc_MH_01_run_4_keyframes_ba,341,13.75,13.39,14.45
euroc_MH_01_run_5_keyframes_ba,337,13.00,12.37,14.04
euroc_MH_01_run_6_keyframes_ba,336,17.87,18.24,19.65
euroc_MH_01_run_7_keyframes_ba,336,14.00,13.08,14.99
euroc_MH_01_run_8_keyframes_ba,341,14.30,14.50,15.98
euroc_MH_01_run_9_keyframes_ba,339,18.62,20.08,19.91
euroc_MH_02_run_0_keyframes_ba,314,28.29,30.93,30.80
euroc_MH_02_run_10_keyframes_ba,302,16.18,16.86,16.86
euroc_MH_02_run_11_keyframes_ba,306,10.65,8.63,12.27
euroc_MH_02_run_12_keyframes_ba,313,20.14,20.04,21.49
euroc_MH_02_run_13_keyframes_ba,311,12.63,12.35,13.37
euroc_MH_02_run_14_keyframes_ba,308,16.45,16.67,17.30
euroc_MH_02_run_15_keyframes_ba,313,19.67,21.28,21.12
euroc_MH_02_run_16_keyframes_ba,307,15.69,16.10,16.57
euroc_MH_02_run_17_keyframes_ba,314,29.94,33.51,32.68
euroc_MH_02_run_18_keyframes_ba,307,33.43,37.52,36.61
euroc_MH_02_run_19_keyframes_ba,312,21.84,22.57,23.47
euroc_MH_02_run_1_keyframes_ba,303,16.30,16.90,17.26
euroc_MH_02_run_20_keyframes_ba,317,21.74,21.79,23.60
euroc_MH_02_run_21_keyframes_ba,309,18.26,18.86,19.22
euroc_MH_02_run_22_keyframes_ba,312,29.98,30.63,32.62
euroc_MH_02_run_23_keyframes_ba,252,15.78,14.24,17.58
euroc_MH_02_run_24_keyframes_ba,313,24.04,23.68,26.21
euroc_MH_02_run_2_keyframes_ba,317,14.14,14.55,15.03
euroc_MH_02_run_3_keyframes_ba,306,21.74,24.00,23.41
euroc_MH_02_run_4_keyframes_ba,302,31.26,34.75,34.62
euroc_MH_02_run_5_keyframes_ba,312,22.09,22.09,23.66
euroc_MH_02_run_6_keyframes_ba,314,33.30,38.46,36.65
euroc_MH_02_run_7_keyframes_ba,314,13.66,12.55,14.70
euroc_MH_02_run_8_keyframes_ba,308,30.90,36.22,33.70
euroc_MH_02_run_9_keyframes_ba,314,19.54,20.93,20.92
euroc_MH_03_run_0_keyframes_ba,259,16.45,14.58,19.19
euroc_MH_03_run_10_keyframes_ba,278,18.44,15.23,22.56
euroc_MH_03_run_11_keyframes_ba,281,24.27,21.95,27.86
euroc_MH_03_run_12_keyframes_ba,267,20.26,16.51,23.29
euroc_MH_03_run_13_keyframes_ba,270,17.73,14.41,21.21
euroc_MH_03_run_14_keyframes_ba,282,27.09,23.22,30.88
euroc_MH_03_run_15_keyframes_ba,270,22.14,18.99,25.64
euroc_MH_03_run_16_keyframes_ba,248,17.19,13.56,20.47
euroc_MH_03_run_17_keyframes_ba,279,18.33,16.46,21.43
euroc_MH_03_run_18_keyframes_ba,272,22.19,19.55,25.28
euroc_MH_03_run_19_keyframes_ba,265,22.96,20.07,27.94
euroc_MH_03_run_1_keyframes_ba,255,20.03,18.02,23.07
euroc_MH_03_run_20_keyframes_ba,269,16.64,12.92,20.22
euroc_MH_03_run_21_keyframes_ba,270,18.39,15.21,22.32
euroc_MH_03_run_22_keyframes_ba,265,19.57,17.78,22.81
euroc_MH_03_run_23_keyframes_ba,271,15.26,12.54,17.99
euroc_MH_03_run_24_keyframes_ba,259,19.18,16.70,22.24
euroc_MH_03_run_2_keyframes_ba,278,28.67,26.13,32.10
euroc_MH_03_run_3_keyframes_ba,255,18.78,15.44,22.32
euroc_MH_03_run_4_keyframes_ba,272,19.13,16.66,22.04
euroc_MH_03_run_5_keyframes_ba,266,19.73,16.83,23.68
euroc_MH_03_run_6_keyframes_ba,261,23.46,20.64,27.19
euroc_MH_03_run_7_keyframes_ba,274,21.99,17.37,25.48
euroc_MH_03_run_8_keyframes_ba,285,24.26,18.99,28.55
euroc_MH_03_run_9_keyframes_ba,278,20.08,15.94,23.29
euroc_MH_04_run_0_keyframes_ba,200,82.43,77.40,88.99
euroc_MH_04_run_10_keyframes_ba,190,132.76,110.01,149.02
euroc_MH_04_run_11_keyframes_ba,185,85.40,79.32,95.45
euroc_MH_04_run_12_keyframes_ba,208,91.72,85.73,99.21
euroc_MH_04_run_13_keyframes_ba,184,59.02,54.74,65.45
euroc_MH_04_run_14_keyframes_ba,190,53.70,49.50,58.15
euroc_MH_04_run_15_keyframes_ba,187,67.99,61.63,75.07
euroc_MH_04_run_16_keyframes_ba,194,113.77,102.33,126.52
euroc_MH_04_run_17_keyframes_ba,185,85.92,83.49,94.53
euroc_MH_04_run_18_keyframes_ba,190,88.92,80.61,100.06
euroc_MH_04_run_19_keyframes_ba,186,96.86,86.59,107.52
euroc_MH_04_run_1_keyframes_ba,189,48.27,45.16,52.93
euroc_MH_04_run_20_keyframes_ba,182,52.06,51.86,56.34
euroc_MH_04_run_21_keyframes_ba,205,51.66,50.99,59.10
euroc_MH_04_run_22_keyframes_ba,200,45.85,44.04,50.94
euroc_MH_04_run_23_keyframes_ba,192,143.68,122.56,161.74
euroc_MH_04_run_24_keyframes_ba,190,84.09,72.98,94.04
euroc_MH_04_run_2_keyframes_ba,204,85.84,81.17,91.34
euroc_MH_04_run_3_keyframes_ba,189,61.65,50.79,78.04
euroc_MH_04_run_4_keyframes_ba,199,75.99,80.04,82.80
euroc_MH_04_run_5_keyframes_ba,191,171.16,147.87,191.32
euroc_MH_04_run_6_keyframes_ba,186,59.65,51.41,75.20
euroc_MH_04_run_7_keyframes_ba,203,101.76,89.16,110.44
euroc_MH_04_run_8_keyframes_ba,189,107.06,86.95,123.15
euroc_MH_04_run_9_keyframes_ba,194,64.94,61.59,72.23
euroc_MH_05_run_0_keyframes_ba,222,18.44,16.21,21.02
euroc_MH_05_run_10_keyframes_ba,205,34.16,32.42,37.17
euroc_MH_05_run_11_keyframes_ba,223,29.42,29.98,31.04
euroc_MH_05_run_12_keyframes_ba,225,22.79,21.30,25.74
euroc_MH_05_run_13_keyframes_ba,204,31.16,30.17,33.22
euroc_MH_05_run_14_keyframes_ba,205,21.30,20.21,23.00
euroc_MH_05_run_15_keyframes_ba,224,26.74,27.46,28.66
euroc_MH_05_run_16_keyframes_ba,218,26.53,26.89,28.34
euroc_MH_05_run_17_keyframes_ba,203,25.60,22.80,29.74
euroc_MH_05_run_18_keyframes_ba,202,31.62,28.15,34.65
euroc_MH_05_run_19_keyframes_ba,216,18.18,18.11,19.92
euroc_MH_05_run_1_keyframes_ba,215,28.69,27.51,30.91
euroc_MH_05_run_20_keyframes_ba,227,41.44,39.47,45.96
euroc_MH_05_run_21_keyframes_ba,216,16.86,15.89,18.43
euroc_MH_05_run_22_keyframes_ba,210,34.65,33.21,36.88
euroc_MH_05_run_23_keyframes_ba,225,19.28,17.49,21.34
euroc_MH_05_run_24_keyframes_ba,218,20.98,19.20,23.27
euroc_MH_05_run_2_keyframes_ba,226,22.26,23.98,25.04
euroc_MH_05_run_3_keyframes_ba,208,35.46,32.34,39.76
euroc_MH_05_run_4_keyframes_ba,220,22.33,20.30,26.15
euroc_MH_05_run_5_keyframes_ba,208,21.54,19.95,24.41
euroc_MH_05_run_6_keyframes_ba,206,34.97,35.06,37.07
euroc_MH_05_run_7_keyframes_ba,228,29.17,26.41,33.29
euroc_MH_05_run_8_keyframes_ba,227,15.07,13.79,17.01
euroc_MH_05_run_9_keyframes_ba,216,21.97,19.25,24.64
euroc_V1_01_run_0_keyframes_ba,278,16.14,14.73,17.82
euroc_V1_01_run_10_keyframes_ba,281,18.83,17.39,20.95
euroc_V1_01_run_11_keyframes_ba,279,15.99,14.74,17.69
euroc_V1_01_run_12_keyframes_ba,277,16.66,15.42,18.44
euroc_V1_01_run_13_keyframes_ba,278,15.12,14.25,16.57
euroc_V1_01_run_14_keyframes_ba,279,17.24,15.80,19.12
euroc_V1_01_run_15_keyframes_ba,280,18.71,17.61,20.65
euroc_V1_01_run_16_keyframes_ba,279,15.70,14.15,17.29
euroc_V1_01_run_17_keyframes_ba,280,16.63,15.56,18.33
euroc_V1_01_run_18_keyframes_ba,278,16.06,14.68,17.80
euroc_V1_01_run_19_keyframes_ba,280,14.26,12.82,15.71
euroc_V1_01_run_1_keyframes_ba,278,17.78,16.38,19.69
euroc_V1_01_run_20_keyframes_ba,279,17.36,15.77,19.17
euroc_V1_01_run_21_keyframes_ba,277,16.46,15.29,18.11
euroc_V1_01_run_22_keyframes_ba,279,13.52,12.34,14.86
euroc_V1_01_run_23_keyframes_ba,280,16.97,15.28,18.91
euroc_V1_01_run_24_keyframes_ba,280,16.90,15.55,18.67
euroc_V1_01_run_2_keyframes_ba,276,13.60,12.43,14.91
euroc_V1_01_run_3_keyframes_ba,278,15.69,14.40,17.38
euroc_V1_01_run_4_keyframes_ba,278,18.71,17.68,20.72
euroc_V1_01_run_5_keyframes_ba,278,17.82,16.63,19.71
euroc_V1_01_run_6_keyframes_ba,278,16.36,15.27,17.99
euroc_V1_01_run_7_keyframes_ba,280,17.60,16.65,19.37
euroc_V1_01_run_8_keyframes_ba,279,16.81,14.97,18.59
euroc_V1_01_run_9_keyframes_ba,278,16.55,15.17,18.22
euroc_V1_02_run_0_keyframes_ba,205,16.74,15.97,18.44
euroc_V1_02_run_10_keyframes_ba,210,17.62,17.48,19.58
euroc_V1_02_run_11_keyframes_ba,203,16.88,15.57,18.85
euroc_V1_02_run_12_keyframes_ba,199,16.96,16.15,18.38
euroc_V1_02_run_13_keyframes_ba,203,17.87,18.51,19.78
euroc_V1_02_run_14_keyframes_ba,200,16.09,15.50,17.64
euroc_V1_02_run_15_keyframes_ba,209,18.13,18.08,20.14
euroc_V1_02_run_16_keyframes_ba,205,18.68,18.50,20.55
euroc_V1_02_run_17_keyframes_ba,206,15.95,15.39,17.69
euroc_V1_02_run_18_keyframes_ba,179,22.44,22.25,24.33
euroc_V1_02_run_19_keyframes_ba,197,18.98,18.79,20.83
euroc_V1_02_run_1_keyframes_ba,198,17.94,16.94,19.52
euroc_V1_02_run_20_keyframes_ba,199,16.67,15.69,18.20
euroc_V1_02_run_21_keyframes_ba,204,20.77,20.86,22.67
euroc_V1_02_run_22_keyframes_ba,201,18.15,18.31,19.89
euroc_V1_02_run_23_keyframes_ba,200,16.65,16.19,18.20
euroc_V1_02_run_24_keyframes_ba,209,17.31,16.98,19.13
euroc_V1_02_run_2_keyframes_ba,198,17.99,17.75,19.86
euroc_V1_02_run_3_keyframes_ba,205,17.67,17.46,19.62
euroc_V1_02_run_4_keyframes_ba,204,17.31,17.73,19.10
euroc_V1_02_run_5_keyframes_ba,200,19.31,19.64,21.16
euroc_V1_02_run_6_keyframes_ba,198,17.43,17.11,19.25
euroc_V1_02_run_7_keyframes_ba,199,17.04,16.64,18.53
euroc_V1_02_run_8_keyframes_ba,200,16.02,15.45,17.64
euroc_V1_02_run_9_keyframes_ba,206,16.44,15.89,17.96
euroc_V1_03_run_0_keyframes_ba,295,19.68,17.07,21.95
euroc_V1_03_run_10_keyframes_ba,295,18.83,15.94,21.78
euroc_V1_03_run_11_keyframes_ba,280,20.83,18.45,24.08
euroc_V1_03_run_12_keyframes_ba,298,20.90,18.69,23.72
euroc_V1_03_run_13_keyframes_ba,273,18.80,16.97,20.50
euroc_V1_03_run_14_keyframes_ba,291,46.22,27.44,180.16
euroc_V1_03_run_15_keyframes_ba,284,36.58,24.80,142.05
euroc_V1_03_run_16_keyframes_ba,278,16.15,15.28,17.88
euroc_V1_03_run_17_keyframes_ba,289,22.79,19.44,26.01
euroc_V1_03_run_18_keyframes_ba,279,19.69,18.84,22.35
euroc_V1_03_run_19_keyframes_ba,277,19.43,18.41,21.92
euroc_V1_03_run_1_keyframes_ba,286,24.84,19.99,28.57
euroc_V1_03_run_20_keyframes_ba,269,17.02,15.34,19.42
euroc_V1_03_run_21_keyframes_ba,289,20.41,19.49,23.47
euroc_V1_03_run_22_keyframes_ba,293,21.38,19.41,24.56
euroc_V1_03_run_23_keyframes_ba,282,21.03,18.92,23.67
euroc_V1_03_run_24_keyframes_ba,305,19.26,17.91,21.27
euroc_V1_03_run_2_keyframes_ba,296,21.17,19.47,23.55
euroc_V1_03_run_3_keyframes_ba,301,20.98,17.16,24.86
euroc_V1_03_run_4_keyframes_ba,299,19.28,16.70,21.78
euroc_V1_03_run_5_keyframes_ba,282,22.62,20.22,25.21
euroc_V1_03_run_6_keyframes_ba,299,20.85,19.27,23.48
euroc_V1_03_run_7_keyframes_ba,279,23.80,19.86,28.14
euroc_V1_03_run_8_keyframes_ba,301,21.41,19.10,24.07
euroc_V1_03_run_9_keyframes_ba,295,22.73,19.28,27.09
euroc_V2_01_run_0_keyframes_ba,197,13.70,13.37,14.89
euroc_V2_01_run_10_keyframes_ba,208,16.85,18.25,18.13
euroc_V2_01_run_11_keyframes_ba,198,20.10,22.18,21.80
euroc_V2_01_run_12_keyframes_ba,208,25.46,21.98,29.96
euroc_V2_01_run_13_keyframes_ba,198,19.36,20.55,21.16
euroc_V2_01_run_14_keyframes_ba,207,17.59,18.74,18.99
euroc_V2_01_run_15_keyframes_ba,197,22.19,23.70,24.18
euroc_V2_01_run_16_keyframes_ba,199,21.26,22.90,22.99
euroc_V2_01_run_17_keyframes_ba,208,15.27,15.81,16.09
euroc_V2_01_run_18_keyframes_ba,199,14.42,13.95,15.57
euroc_V2_01_run_19_keyframes_ba,198,19.27,19.85,21.28
euroc_V2_01_run_1_keyframes_ba,208,17.27,17.76,18.67
euroc_V2_01_run_20_keyframes_ba,204,15.90,16.20,17.18
euroc_V2_01_run_21_keyframes_ba,199,16.66,17.46,18.04
euroc_V2_01_run_22_keyframes_ba,200,19.71,20.76,21.38
euroc_V2_01_run_23_keyframes_ba,197,18.54,19.66,20.14
euroc_V2_01_run_24_keyframes_ba,199,18.65,20.11,20.24
euroc_V2_01_run_2_keyframes_ba,198,20.53,21.30,22.90
euroc_V2_01_run_3_keyframes_ba,197,19.30,21.07,21.03
euroc_V2_01_run_4_keyframes_ba,198,22.72,24.48,25.10
euroc_V2_01_run_5_keyframes_ba,207,16.12,17.20,17.30
euroc_V2_01_run_6_keyframes_ba,197,19.88,21.18,21.55
euroc_V2_01_run_7_keyframes_ba,197,20.59,21.39,22.58
euroc_V2_01_run_8_keyframes_ba,206,18.32,19.26,19.87
euroc_V2_01_run_9_keyframes_ba,199,21.34,22.90,23.17
euroc_V2_02_run_0_keyframes_ba,288,17.60,14.98,21.72
euroc_V2_02_run_10_keyframes_ba,285,14.02,13.41,15.53
euroc_V2_02_run_11_keyframes_ba,283,13.62,10.63,15.85
euroc_V2_02_run_12_keyframes_ba,285,14.57,11.42,16.97
euroc_V2_02_run_13_keyframes_ba,278,13.47,11.79,15.34
euroc_V2_02_run_14_keyframes_ba,280,13.92,10.03,16.75
euroc_V2_02_run_15_keyframes_ba,274,15.49,13.38,17.83
euroc_V2_02_run_16_keyframes_ba,283,14.47,13.19,16.80
euroc_V2_02_run_17_keyframes_ba,277,13.42,11.64,15.34
euroc_V2_02_run_18_keyframes_ba,283,12.94,11.37,14.55
euroc_V2_02_run_19_keyframes_ba,282,14.10,12.80,16.53
euroc_V2_02_run_1_keyframes_ba,281,14.56,11.97,16.96
euroc_V2_02_run_20_keyframes_ba,281,17.70,16.13,19.80
euroc_V2_02_run_21_keyframes_ba,286,17.04,15.82,18.95
euroc_V2_02_run_22_keyframes_ba,283,14.37,13.39,16.40
euroc_V2_02_run_23_keyframes_ba,282,12.29,11.57,13.79
euroc_V2_02_run_24_keyframes_ba,278,12.98,11.06,14.95
euroc_V2_02_run_2_keyframes_ba,285,13.06,12.57,14.74
euroc_V2_02_run_3_keyframes_ba,281,13.81,12.92,15.82
euroc_V2_02_run_4_keyframes_ba,282,13.03,12.22,14.73
euroc_V2_02_run_5_keyframes_ba,284,14.01,11.32,16.54
euroc_V2_02_run_6_keyframes_ba,285,14.49,12.60,16.81
euroc_V2_02_run_7_keyframes_ba,279,12.46,11.35,13.86
euroc_V2_02_run_8_keyframes_ba,279,14.31,13.34,16.15
euroc_V2_02_run_9_keyframes_ba,282,17.21,13.80,20.34
euroc_V2_03_run_0_keyframes_ba,188,20.56,19.89,21.68
euroc_V2_03_run_10_keyframes_ba,195,18.18,18.23,19.53
euroc_V2_03_run_11_keyframes_ba,190,23.08,22.76,24.59
euroc_V2_03_run_12_keyframes_ba,186,20.06,20.28,21.40
euroc_V2_03_run_13_keyframes_ba,196,17.21,16.74,18.53
euroc_V2_03_run_14_keyframes_ba,193,20.44,20.21,21.74
euroc_V2_03_run_15_keyframes_ba,193,58.67,41.43,102.91
euroc_V2_03_run_16_keyframes_ba,192,20.75,20.65,22.10
euroc_V2_03_run_17_keyframes_ba,188,19.34,19.76,20.61
euroc_V2_03_run_18_keyframes_ba,190,22.14,23.51,23.73
euroc_V2_03_run_19_keyframes_ba,194,19.44,19.68,20.48
euroc_V2_03_run_1_keyframes_ba,186,21.19,20.52,22.73
euroc_V2_03_run_20_keyframes_ba,192,20.52,20.81,21.80
euroc_V2_03_run_21_keyframes_ba,189,16.48,15.93,17.82
euroc_V2_03_run_22_keyframes_ba,188,18.50,18.53,19.79
euroc_V2_03_run_23_keyframes_ba,193,17.87,18.11,19.01
euroc_V2_03_run_24_keyframes_ba,188,26.29,26.37,27.78
euroc_V2_03_run_2_keyframes_ba,189,18.85,17.56,20.70
euroc_V2_03_run_3_keyframes_ba,194,20.32,22.07,21.57
euroc_V2_03_run_4_keyframes_ba,192,21.78,21.29,23.48
euroc_V2_03_run_5_keyframes_ba,183,21.07,21.22,22.36
euroc_V2_03_run_6_keyframes_ba,192,22.01,21.67,23.27
euroc_V2_03_run_7_keyframes_ba,186,18.71,17.89,20.13
euroc_V2_03_run_8_keyframes_ba,183,36.96,22.70,67.33
euroc_V2_03_run_9_keyframes_ba,191,20.63,19.29,22.88
