name,frames,mean,median,rmse
euroc_MH_01_run_0_keyframes_ba,342,9.93,8.12,11.72
euroc_MH_01_run_10_keyframes_ba,343,11.50,10.37,12.94
euroc_MH_01_run_11_keyframes_ba,344,9.64,8.22,11.33
euroc_MH_01_run_12_keyframes_ba,342,8.56,7.97,9.49
euroc_MH_01_run_13_keyframes_ba,337,11.22,9.30,13.13
euroc_MH_01_run_14_keyframes_ba,347,13.00,11.32,14.72
euroc_MH_01_run_15_keyframes_ba,345,11.17,9.13,13.38
euroc_MH_01_run_16_keyframes_ba,338,9.63,8.50,10.86
euroc_MH_01_run_17_keyframes_ba,335,8.80,8.16,9.68
euroc_MH_01_run_18_keyframes_ba,336,8.60,7.58,9.85
euroc_MH_01_run_19_keyframes_ba,339,10.67,8.91,12.64
euroc_MH_01_run_1_keyframes_ba,338,11.50,10.13,12.98
euroc_MH_01_run_20_keyframes_ba,340,11.62,10.26,13.35
euroc_MH_01_run_21_keyframes_ba,341,10.87,9.74,12.24
euroc_MH_01_run_22_keyframes_ba,337,11.02,8.76,13.27
euroc_MH_01_run_23_keyframes_ba,337,11.35,10.10,12.76
euroc_MH_01_run_24_keyframes_ba,338,9.89,8.52,11.27
euroc_MH_01_run_2_keyframes_ba,340,10.25,8.96,11.75
euroc_MH_01_run_3_keyframes_ba,336,9.18,8.68,9.99
euroc_MH_01_run_4_keyframes_ba,341,9.08,8.73,9.87
euroc_MH_01_run_5_keyframes_ba,337,10.22,9.06,11.59
euroc_MH_01_run_6_keyframes_ba,336,11.15,8.97,13.29
euroc_MH_01_run_7_keyframes_ba,336,11.14,10.09,12.38
euroc_MH_01_run_8_keyframes_ba,341,10.15,8.49,12.08
euroc_MH_01_run_9_keyframes_ba,339,9.75,8.43,10.96
euroc_MH_02_run_0_keyframes_ba,314,9.89,8.82,11.27
euroc_MH_02_run_10_keyframes_ba,302,9.56,7.95,10.94
euroc_MH_02_run_11_keyframes_ba,306,10.00,7.57,11.95
euroc_MH_02_run_12_keyframes_ba,313,9.62,8.13,10.87
euroc_MH_02_run_13_keyframes_ba,311,9.42,8.68,10.70
euroc_MH_02_run_14_keyframes_ba,308,9.53,8.84,10.68
euroc_MH_02_run_15_keyframes_ba,313,9.47,8.51,10.73
euroc_MH_02_run_16_keyframes_ba,307,10.05,8.89,11.54
euroc_MH_02_run_17_keyframes_ba,314,10.02,9.05,11.31
euroc_MH_02_run_18_keyframes_ba,307,9.98,9.48,11.23
euroc_MH_02_run_19_keyframes_ba,312,9.26,8.05,10.38
euroc_MH_02_run_1_keyframes_ba,303,9.20,7.35,10.69
euroc_MH_02_run_20_keyframes_ba,317,9.83,9.17,11.14
euroc_MH_02_run_21_keyframes_ba,309,9.99,8.20,11.73
euroc_MH_02_run_22_keyframes_ba,312,11.79,9.53,13.64
euroc_MH_02_run_23_keyframes_ba,252,11.45,11.17,12.36
euroc_MH_02_run_24_keyframes_ba,313,10.47,9.67,11.74
euroc_MH_02_run_2_keyframes_ba,317,8.98,8.16,10.25
euroc_MH_02_run_3_keyframes_ba,306,9.23,7.76,10.51
euroc_MH_02_run_4_keyframes_ba,302,9.29,8.59,10.40
euroc_MH_02_run_5_keyframes_ba,312,10.29,9.29,11.80
euroc_MH_02_run_6_keyframes_ba,314,8.57,7.46,9.66
euroc_MH_02_run_7_keyframes_ba,314,9.62,8.50,11.01
euroc_MH_02_run_8_keyframes_ba,308,9.01,8.43,10.00
euroc_MH_02_run_9_keyframes_ba,314,9.25,7.29,10.87
euroc_MH_03_run_0_keyframes_ba,259,16.36,14.64,19.07
euroc_MH_03_run_10_keyframes_ba,278,14.60,13.48,16.96
euroc_MH_03_run_11_keyframes_ba,281,21.18,17.41,24.56
euroc_MH_03_run_12_keyframes_ba,267,18.06,15.49,21.39
euroc_MH_03_run_13_keyframes_ba,270,13.55,11.16,16.50
euroc_MH_03_run_14_keyframes_ba,282,23.05,18.08,27.19
euroc_MH_03_run_15_keyframes_ba,270,20.59,19.24,23.77
euroc_MH_03_run_16_keyframes_ba,248,15.35,13.18,17.85
euroc_MH_03_run_17_keyframes_ba,279,17.50,15.45,20.26
euroc_MH_03_run_18_keyframes_ba,272,20.72,19.29,23.67
euroc_MH_03_run_19_keyframes_ba,265,22.67,19.74,27.91
euroc_MH_03_run_1_keyframes_ba,255,19.18,16.36,22.62
euroc_MH_03_run_20_keyframes_ba,269,15.51,13.94,18.19
euroc_MH_03_run_21_keyframes_ba,270,14.44,12.04,16.93
euroc_MH_03_run_22_keyframes_ba,265,19.35,17.98,22.74
euroc_MH_03_run_23_keyframes_ba,271,14.91,12.71,17.48
euroc_MH_03_run_24_keyframes_ba,259,17.88,15.38,21.01
euroc_MH_03_run_2_keyframes_ba,278,22.24,18.56,25.80
euroc_MH_03_run_3_keyframes_ba,255,18.84,15.66,22.32
euroc_MH_03_run_4_keyframes_ba,272,18.02,16.59,20.73
euroc_MH_03_run_5_keyframes_ba,266,12.89,11.42,15.11
euroc_MH_03_run_6_keyframes_ba,261,23.18,20.26,27.14
euroc_MH_03_run_7_keyframes_ba,274,15.31,13.35,18.74
euroc_MH_03_run_8_keyframes_ba,285,20.60,19.21,23.95
euroc_MH_03_run_9_keyframes_ba,278,19.36,15.61,22.56
euroc_MH_04_run_0_keyframes_ba,200,81.59,79.07,87.91
euroc_MH_04_run_10_keyframes_ba,190,132.74,112.05,148.92
euroc_MH_04_run_11_keyframes_ba,185,85.66,77.78,95.17
euroc_MH_04_run_12_keyframes_ba,208,86.70,84.54,93.28
euroc_MH_04_run_13_keyframes_ba,184,57.77,55.82,64.00
euroc_MH_04_run_14_keyframes_ba,190,51.75,47.47,55.91
euroc_MH_04_run_15_keyframes_ba,187,67.16,61.21,74.35
euroc_MH_04_run_16_keyframes_ba,194,113.76,99.79,126.14
euroc_MH_04_run_17_keyframes_ba,185,84.80,82.20,93.90
euroc_MH_04_run_18_keyframes_ba,190,86.31,80.47,94.98
euroc_MH_04_run_19_keyframes_ba,186,96.85,87.47,107.50
euroc_MH_04_run_1_keyframes_ba,189,46.62,44.72,51.41
euroc_MH_04_run_20_keyframes_ba,182,39.83,32.60,45.41
euroc_MH_04_run_21_keyframes_ba,205,51.84,51.45,59.08
euroc_MH_04_run_22_keyframes_ba,200,31.55,31.04,34.80
euroc_MH_04_run_23_keyframes_ba,192,143.87,120.05,161.28
euroc_MH_04_run_24_keyframes_ba,190,83.57,70.22,93.56
euroc_MH_04_run_2_keyframes_ba,204,85.55,80.66,91.20
euroc_MH_04_run_3_keyframes_ba,189,43.96,37.46,50.43
euroc_MH_04_run_4_keyframes_ba,199,74.83,76.26,80.25
euroc_MH_04_run_5_keyframes_ba,191,171.32,145.93,191.12
euroc_MH_04_run_6_keyframes_ba,186,60.47,57.61,68.12
euroc_MH_04_run_7_keyframes_ba,203,100.61,94.92,108.31
euroc_MH_04_run_8_keyframes_ba,189,107.10,87.98,123.09
euroc_MH_04_run_9_keyframes_ba,194,62.40,51.87,69.01
euroc_MH_05_run_0_keyframes_ba,222,17.75,15.71,19.84
euroc_MH_05_run_10_keyframes_ba,205,33.94,33.60,36.41
euroc_MH_05_run_11_keyframes_ba,223,29.33,30.33,30.81
euroc_MH_05_run_12_keyframes_ba,225,21.00,20.06,22.49
euroc_MH_05_run_13_keyframes_ba,204,31.16,30.19,33.22
euroc_MH_05_run_14_keyframes_ba,205,21.10,20.45,22.81
euroc_MH_05_run_15_keyframes_ba,224,26.73,27.79,28.65
euroc_MH_05_run_16_keyframes_ba,218,26.15,27.21,27.74
euroc_MH_05_run_17_keyframes_ba,203,20.01,18.56,22.42
euroc_MH_05_run_18_keyframes_ba,202,31.26,30.80,33.30
euroc_MH_05_run_19_keyframes_ba,216,15.81,13.84,17.71
euroc_MH_05_run_1_keyframes_ba,215,28.78,28.92,30.41
euroc_MH_05_run_20_keyframes_ba,227,40.95,41.86,43.59
euroc_MH_05_run_21_keyframes_ba,216,16.71,15.54,18.35
euroc_MH_05_run_22_keyframes_ba,210,34.65,33.22,36.88
euroc_MH_05_run_23_keyframes_ba,225,18.76,18.22,20.38
euroc_MH_05_run_24_keyframes_ba,218,18.21,17.39,19.79
euroc_MH_05_run_2_keyframes_ba,226,19.24,18.06,21.21
euroc_MH_05_run_3_keyframes_ba,208,22.73,20.38,25.04
euroc_MH_05_run_4_keyframes_ba,220,13.59,12.47,15.32
euroc_MH_05_run_5_keyframes_ba,208,16.14,14.82,18.05
euroc_MH_05_run_6_keyframes_ba,206,34.57,34.97,36.40
euroc_MH_05_run_7_keyframes_ba,228,23.88,24.93,25.85
euroc_MH_05_run_8_keyframes_ba,227,14.85,13.43,16.71
euroc_MH_05_run_9_keyframes_ba,216,19.26,18.88,20.76
euroc_V1_01_run_0_keyframes_ba,278,8.11,7.71,8.59
euroc_V1_01_run_10_keyframes_ba,281,8.26,7.92,8.89
euroc_V1_01_run_11_keyframes_ba,279,7.80,7.43,8.38
euroc_V1_01_run_12_keyframes_ba,277,7.48,7.32,8.02
euroc_V1_01_run_13_keyframes_ba,278,7.40,6.99,7.92
euroc_V1_01_run_14_keyframes_ba,279,7.87,7.36,8.47
euroc_V1_01_run_15_keyframes_ba,280,8.25,7.73,8.89
euroc_V1_01_run_16_keyframes_ba,279,7.88,7.46,8.42
euroc_V1_01_run_17_keyframes_ba,280,8.05,7.71,8.61
euroc_V1_01_run_18_keyframes_ba,278,7.89,7.56,8.43
euroc_V1_01_run_19_keyframes_ba,280,7.81,7.23,8.38
euroc_V1_01_run_1_keyframes_ba,278,8.12,7.53,8.77
euroc_V1_01_run_20_keyframes_ba,279,8.16,7.64,8.79
euroc_V1_01_run_21_keyframes_ba,277,7.98,7.47,8.56
euroc_V1_01_run_22_keyframes_ba,279,7.47,7.05,8.01
euroc_V1_01_run_23_keyframes_ba,280,8.12,7.64,8.83
euroc_V1_01_run_24_keyframes_ba,280,7.98,7.48,8.66
euroc_V1_01_run_2_keyframes_ba,276,7.75,7.71,8.25
euroc_V1_01_run_3_keyframes_ba,278,7.86,7.37,8.44
euroc_V1_01_run_4_keyframes_ba,278,7.91,7.90,8.46
euroc_V1_01_run_5_keyframes_ba,278,7.74,7.25,8.29
euroc_V1_01_run_6_keyframes_ba,278,8.04,7.61,8.63
euroc_V1_01_run_7_keyframes_ba,280,7.61,7.33,8.16
euroc_V1_01_run_8_keyframes_ba,279,7.82,7.38,8.46
euroc_V1_01_run_9_keyframes_ba,278,7.63,7.37,8.14
euroc_V1_02_run_0_keyframes_ba,205,8.35,8.29,8.96
euroc_V1_02_run_10_keyframes_ba,210,8.45,8.56,8.96
euroc_V1_02_run_11_keyframes_ba,203,8.65,8.18,9.18
euroc_V1_02_run_12_keyframes_ba,199,7.78,8.07,8.26
euroc_V1_02_run_13_keyframes_ba,203,8.61,8.53,9.30
euroc_V1_02_run_14_keyframes_ba,200,7.69,7.46,8.30
euroc_V1_02_run_15_keyframes_ba,209,8.86,8.55,9.35
euroc_V1_02_run_16_keyframes_ba,205,7.98,7.79,8.49
euroc_V1_02_run_17_keyframes_ba,206,7.75,7.67,8.33
euroc_V1_02_run_18_keyframes_ba,179,8.70,7.90,9.89
euroc_V1_02_run_19_keyframes_ba,197,8.65,8.01,9.25
euroc_V1_02_run_1_keyframes_ba,198,7.20,7.12,7.73
euroc_V1_02_run_20_keyframes_ba,199,7.05,6.88,7.50
euroc_V1_02_run_21_keyframes_ba,204,7.97,7.98,8.68
euroc_V1_02_run_22_keyframes_ba,201,7.42,7.00,7.98
euroc_V1_02_run_23_keyframes_ba,200,7.56,7.66,7.98
euroc_V1_02_run_24_keyframes_ba,209,7.58,7.66,8.15
euroc_V1_02_run_2_keyframes_ba,198,8.60,8.44,9.30
euroc_V1_02_run_3_keyframes_ba,205,8.82,8.64,9.43
euroc_V1_02_run_4_keyframes_ba,204,8.13,8.16,8.68
euroc_V1_02_run_5_keyframes_ba,200,8.11,8.19,8.74
euroc_V1_02_run_6_keyframes_ba,198,8.47,8.51,9.08
euroc_V1_02_run_7_keyframes_ba,199,7.31,7.00,7.95
euroc_V1_02_run_8_keyframes_ba,200,7.82,7.81,8.47
euroc_V1_02_run_9_keyframes_ba,206,7.24,7.07,7.81
euroc_V1_03_run_0_keyframes_ba,295,9.68,9.66,10.71
euroc_V1_03_run_10_keyframes_ba,295,10.64,10.37,12.41
euroc_V1_03_run_11_keyframes_ba,280,9.74,9.64,10.67
euroc_V1_03_run_12_keyframes_ba,298,8.24,7.77,9.18
euroc_V1_03_run_13_keyframes_ba,273,8.72,8.57,9.67
euroc_V1_03_run_14_keyframes_ba,291,39.15,23.30,179.53
euroc_V1_03_run_15_keyframes_ba,284,28.50,16.94,140.95
euroc_V1_03_run_16_keyframes_ba,278,8.41,8.14,9.32
euroc_V1_03_run_17_keyframes_ba,289,11.98,10.71,13.34
euroc_V1_03_run_18_keyframes_ba,279,9.50,9.02,10.44
euroc_V1_03_run_19_keyframes_ba,277,10.09,9.89,10.90
euroc_V1_03_run_1_keyframes_ba,286,10.55,10.19,11.70
euroc_V1_03_run_20_keyframes_ba,269,9.08,8.22,9.95
euroc_V1_03_run_21_keyframes_ba,289,12.03,11.13,13.82
euroc_V1_03_run_22_keyframes_ba,293,9.72,9.41,10.65
euroc_V1_03_run_23_keyframes_ba,282,10.06,9.56,11.14
euroc_V1_03_run_24_keyframes_ba,305,8.60,8.21,9.33
euroc_V1_03_run_2_keyframes_ba,296,9.10,8.80,9.77
euroc_V1_03_run_3_keyframes_ba,301,10.29,9.71,11.28
euroc_V1_03_run_4_keyframes_ba,299,8.85,8.14,9.84
euroc_V1_03_run_5_keyframes_ba,282,10.69,10.27,11.66
euroc_V1_03_run_6_keyframes_ba,299,8.91,8.69,9.65
euroc_V1_03_run_7_keyframes_ba,279,14.90,13.79,16.31
euroc_V1_03_run_8_keyframes_ba,301,9.33,8.52,10.31
euroc_V1_03_run_9_keyframes_ba,295,11.13,11.12,12.19
euroc_V2_01_run_0_keyframes_ba,197,11.98,11.96,12.85
euroc_V2_01_run_10_keyframes_ba,208,12.08,12.15,12.74
euroc_V2_01_run_11_keyframes_ba,198,12.78,12.40,13.43
euroc_V2_01_run_12_keyframes_ba,208,17.86,14.49,21.06
euroc_V2_01_run_13_keyframes_ba,198,12.79,12.43,13.37
euroc_V2_01_run_14_keyframes_ba,207,13.03,12.80,13.72
euroc_V2_01_run_15_keyframes_ba,197,12.76,12.61,13.45
euroc_V2_01_run_16_keyframes_ba,199,12.26,12.05,12.82
euroc_V2_01_run_17_keyframes_ba,208,14.49,14.24,15.13
euroc_V2_01_run_18_keyframes_ba,199,11.49,11.40,12.16
euroc_V2_01_run_19_keyframes_ba,198,13.05,12.58,13.69
euroc_V2_01_run_1_keyframes_ba,208,13.21,12.88,13.93
euroc_V2_01_run_20_keyframes_ba,204,12.46,12.43,13.17
euroc_V2_01_run_21_keyframes_ba,199,11.87,11.32,12.46
euroc_V2_01_run_22_keyframes_ba,200,12.47,12.22,13.18
euroc_V2_01_run_23_keyframes_ba,197,12.29,12.31,12.97
euroc_V2_01_run_24_keyframes_ba,199,12.22,11.72,12.82
euroc_V2_01_run_2_keyframes_ba,198,13.06,12.00,14.35
euroc_V2_01_run_3_keyframes_ba,197,12.88,12.20,13.44
euroc_V2_01_run_4_keyframes_ba,198,13.84,12.83,14.67
euroc_V2_01_run_5_keyframes_ba,207,12.10,11.47,12.72
euroc_V2_01_run_6_keyframes_ba,197,12.07,11.66,12.62
euroc_V2_01_run_7_keyframes_ba,197,12.96,12.12,13.81
euroc_V2_01_run_8_keyframes_ba,206,12.26,11.73,12.90
euroc_V2_01_run_9_keyframes_ba,199,13.09,12.35,13.70
euroc_V2_02_run_0_keyframes_ba,288,14.25,11.59,17.62
euroc_V2_02_run_10_keyframes_ba,285,10.58,10.18,11.46
euroc_V2_02_run_11_keyframes_ba,283,12.18,10.58,13.74
euroc_V2_02_run_12_keyframes_ba,285,13.00,11.99,14.58
euroc_V2_02_run_13_keyframes_ba,278,11.53,10.80,12.87
euroc_V2_02_run_14_keyframes_ba,280,12.60,9.95,14.87
euroc_V2_02_run_15_keyframes_ba,274,12.78,11.44,14.41
euroc_V2_02_run_16_keyframes_ba,283,13.10,12.91,14.66
euroc_V2_02_run_17_keyframes_ba,277,11.12,10.01,12.52
euroc_V2_02_run_18_keyframes_ba,283,10.42,9.99,11.48
euroc_V2_02_run_19_keyframes_ba,282,12.36,11.95,13.78
euroc_V2_02_run_1_keyframes_ba,281,13.19,11.75,14.99
euroc_V2_02_run_20_keyframes_ba,281,11.61,10.59,13.47
euroc_V2_02_run_21_keyframes_ba,286,10.79,9.48,12.21
euroc_V2_02_run_22_keyframes_ba,283,12.09,12.79,13.37
euroc_V2_02_run_23_keyframes_ba,282,10.17,9.59,11.04
euroc_V2_02_run_24_keyframes_ba,278,11.86,11.37,13.30
euroc_V2_02_run_2_keyframes_ba,285,11.32,11.12,12.45
euroc_V2_02_run_3_keyframes_ba,281,11.45,10.77,12.67
euroc_V2_02_run_4_keyframes_ba,282,10.87,9.99,12.03
euroc_V2_02_run_5_keyframes_ba,284,13.14,11.23,14.89
euroc_V2_02_run_6_keyframes_ba,285,12.37,11.57,13.94
euroc_V2_02_run_7_keyframes_ba,279,10.81,10.64,11.67
euroc_V2_02_run_8_keyframes_ba,279,10.56,10.10,11.65
euroc_V2_02_run_9_keyframes_ba,282,15.39,14.20,17.70
euroc_V2_03_run_0_keyframes_ba,188,12.07,12.05,13.16
euroc_V2_03_run_10_keyframes_ba,195,13.69,12.15,14.88
euroc_V2_03_run_11_keyframes_ba,190,13.77,12.77,14.86
euroc_V2_03_run_12_keyframes_ba,186,13.09,12.49,14.25
euroc_V2_03_run_13_keyframes_ba,196,13.88,12.12,14.78
euroc_V2_03_run_14_keyframes_ba,193,15.13,14.17,16.28
euroc_V2_03_run_15_keyframes_ba,193,52.32,31.02,94.24
euroc_V2_03_run_16_keyframes_ba,192,13.80,12.67,14.75
euroc_V2_03_run_17_keyframes_ba,188,16.28,15.05,17.61
euroc_V2_03_run_18_keyframes_ba,190,14.58,13.77,15.90
euroc_V2_03_run_19_keyframes_ba,194,12.98,12.35,13.72
euroc_V2_03_run_1_keyframes_ba,186,13.59,12.91,14.86
euroc_V2_03_run_20_keyframes_ba,192,13.10,12.14,14.62
euroc_V2_03_run_21_keyframes_ba,189,11.95,11.77,13.08
euroc_V2_03_run_22_keyframes_ba,188,13.47,12.21,14.57
euroc_V2_03_run_23_keyframes_ba,193,13.00,11.79,14.13
euroc_V2_03_run_24_keyframes_ba,188,14.74,14.69,16.34
euroc_V2_03_run_2_keyframes_ba,189,14.69,13.75,15.78
euroc_V2_03_run_3_keyframes_ba,194,14.97,14.51,15.82
euroc_V2_03_run_4_keyframes_ba,192,12.83,11.98,14.47
euroc_V2_03_run_5_keyframes_ba,183,13.41,12.98,14.55
euroc_V2_03_run_6_keyframes_ba,192,13.41,11.83,14.73
euroc_V2_03_run_7_keyframes_ba,186,14.53,13.16,15.68
euroc_V2_03_run_8_keyframes_ba,183,39.08,24.26,67.53
euroc_V2_03_run_9_keyframes_ba,191,15.02,13.89,16.82
